id,title,url,keyword,price,copyright
001,Foto Hombre,https://unsplash.com/es/fotos/hombre-sosteniendo-agua-embotellada-EUpUWc14Kks,"persona, efectos",10€,Foto de Chase Fade en Unsplash
002,Arbol,https://unsplash.com/es/fotos/fotografia-en-escala-de-grises-de-un-arbol-sin-hojas-oQzIbBhDS-c,naturaleza,15€,Foto de C. SHII en Unsplash
003,Mujer fumando,https://unsplash.com/es/fotos/mujer-con-vestido-blanco-y-negro-mmvwFTOTcmc,personas,10€,Foto de Mike Von en Unsplash
004,Humo blanco,https://unsplash.com/es/fotos/humo-blanco-1uVCTVSn-2o,efectos,10€,Foto de Pascal Meier en Unsplash
005,Planta,https://unsplash.com/es/fotos/persona-que-sostiene-la-rama-de-helecho-verde-b28bE5qFQXU,naturaleza,15€,Foto de Lís Clíodhna
006,Mujer ,https://unsplash.com/es/fotos/mujer-con-camisa-blanca-de-pie-l-kaCGpRqak,personas,15€,Foto de Artem Kniaz
007,Humo,https://unsplash.com/es/fotos/ilustracion-de-humo-7dpWnjeEEVs,efectos,10€,Foto de Nihal Demirci Erenay
008,Manos soga,https://unsplash.com/es/fotos/tres-manos-agarrando-en-el-fondo-de-pantalla-grafico-de-cuerda-Mt_vDByRI44,personas,15€,Foto de Daniel Curran en Unsplash
009,Mujer vendaje,https://unsplash.com/es/fotos/fotografia-en-escala-de-grises-de-mujer-con-los-ojos-vendados-IfQT8oRWL-Q,personas,15€,Foto de Ali Saadat en Unsplash
010,Personas,https://unsplash.com/es/fotos/pintura-abstracta-roja-y-negra-W_dfi26u2U0,personas,15€,Foto de Diane Picchiottino
011,Escalera,https://unsplash.com/es/fotos/foto-en-escala-de-grises-de-escaleras-de-caracol-de-hormigon-BfI7PYfJ0hc,naturaleza,10€,Foto de Jonathan Ford en Unsplash
012,Craneo,https://unsplash.com/es/fotos/una-foto-en-blanco-y-negro-de-un-craneo-humano-1PtM6b85sdw,personas,10€,Foto de Ahmed Adly en Unsplash
013,Mujer,https://unsplash.com/es/fotos/una-mano-sosteniendo-un-papel-recortado-del-torso-de-un-hombre-DjGbrszb0AA,personas,15€,Foto de Klara Kulikova
014,Arbol,https://unsplash.com/es/fotos/silueta-de-pajaro-t3oOpEq45oY,"animal, naturaleza",10€,Foto de Alexander Sinn en Unsplash
015,Iglesia,https://unsplash.com/es/fotos/estatuas-religiosas-dentro-de-la-catedral-9Ec2U2kOHXA,arquitectura urbana,10€,Foto de Ben Allan en Unsplash
016,Cruz,https://unsplash.com/es/fotos/foto-en-escala-de-grises-de-una-cruz-rodeada-de-arboles-nPIEjvX0hwI,"arquitectura urbana, naturaleza",10€,Foto de Sam Barber
017,Flor,https://unsplash.com/es/fotos/dos-rosas-rosadas-marchitas-con-fondo-negro-pwfY1mIm2EM,naturaleza,10€,Foto de Evelyn Bertrand
018,Perro,https://unsplash.com/es/fotos/perro-de-pelaje-largo-blanco-y-marron-5yAhL8ViUVg,animales,10€,Foto de Mathis Jrdl
019,Mano,https://unsplash.com/es/fotos/craneo-de-animal-blanco-y-negro-MycB3sFHix4,"personas, efectos",10€,Foto de The Dark Queen
020,Pintura,https://unsplash.com/es/fotos/una-pintura-abstracta-con-colores-negro-amarillo-y-verde-PXgaUq7byX0,efectos,10€,Foto de The Cleveland Museum of Art
021,Manos rojas,https://unsplash.com/es/fotos/manos-formadas-juntas-con-pintura-de-corazon-rojo-cAtzHUz7Z8g,personas,10€,Foto de Tim Marshall en Unsplash
022,Cielo,https://unsplash.com/es/fotos/silueta-de-arboles-bajo-cielos-nublados-anaranjados-KkHHCgjXO8A,naturaleza,10€,Foto de Daniel Adesina en Unplash
023,Perro pug,https://unsplash.com/es/fotos/pug-negro-con-ropa-a-rayas-DziZIYOGAHc,animales,15€,Foto de charlesdeluvio en Unsplash
024,Gato negro,https://unsplash.com/es/s/fotos/animal-negro?license=free,animales,10€,Foto de Julia Kadel en Unsplash
025,Flor,https://unsplash.com/es/fotos/diente-de-leon-blanco-ardiente-6mwtDZUOFrw,naturaleza,15€,Foto de Henry Be en Unplash
026,Escalera roja,https://unsplash.com/es/fotos/escaleras-de-caracol-blancas-y-rojas-JLbQP1llhe4,arquitectura urbana,10€,Foto de Sergio Capuzzimati en Unsplash
027,Cielo,https://unsplash.com/es/fotos/halIFQJmZnA,arquitectura urbana,15€,Foto de Henry Be en Unplash
028,Hipopotamos,https://unsplash.com/es/fotos/hipopotamo-nadando-Li1aC1AJ7Ak,"naturaleza, animales",15€,Foto de Francesco Ungaro en Unplash
029,Señal,https://unsplash.com/es/fotos/fotografia-de-primer-plano-de-la-senal-de-cruce-de-ganado-blanco-y-rojo-2ayzQETlloM,naturaleza,10€,Foto de Milan De Clercq en Unsplash
030,Jirafa,https://unsplash.com/es/fotos/retrato-de-jirafa-NNe6epzHGm8,"naturaleza, animales",15€,"Foto de Andreas Rasmussen en Unplash
"
031,Pescador,https://unsplash.com/es/fotos/hombre-con-camisa-azul-y-sombrero-marron-de-pie-en-un-barco-de-madera-marron-en-el-mar-durante-el-dia-qsHDqcJzHOA,personas,15€,Foto de Zinko Hein